{"yhat_predict": "{\"predict-420\":177.0924258911,\"predict-652\":153.4791367431,\"predict-575\":38.0836059025,\"predict-89\":262.5804152772,\"predict-23\":184.389963107,\"predict-19\":226.4845510753,\"predict-2\":352.037120582,\"predict-273\":299.2496803365,\"predict-495\":135.0471378523,\"predict-585\":108.6429268859}", "cv_yhat_predict": ["{\"predict-420\":159.5659364098,\"predict-652\":146.6271380853,\"predict-575\":53.8413985084,\"predict-89\":288.602150078,\"predict-23\":178.0278813284,\"predict-19\":231.4269038384,\"predict-2\":342.4961771431,\"predict-273\":289.7682190235,\"predict-495\":100.0251539069,\"predict-585\":109.1821701099}", "{\"predict-420\":168.0649815586,\"predict-652\":141.4740238145,\"predict-575\":37.0054237232,\"predict-89\":256.8722833805,\"predict-23\":192.4495495896,\"predict-19\":221.8943816531,\"predict-2\":337.2542083217,\"predict-273\":248.793428741,\"predict-495\":139.6015176695,\"predict-585\":120.2394774527}", "{\"predict-420\":166.7046987569,\"predict-652\":142.9234290562,\"predict-575\":44.3837316113,\"predict-89\":247.625858058,\"predict-23\":188.256184193,\"predict-19\":236.1025213058,\"predict-2\":362.3032827883,\"predict-273\":301.0627004469,\"predict-495\":123.9189114069,\"predict-585\":124.9491035081}", "{\"predict-420\":177.1360412756,\"predict-652\":155.7040333996,\"predict-575\":54.9485155737,\"predict-89\":222.7711196531,\"predict-23\":212.5732964469,\"predict-19\":239.9992617185,\"predict-2\":342.1602630108,\"predict-273\":254.6832249041,\"predict-495\":129.4942072445,\"predict-585\":109.0672143822}", "{\"predict-420\":179.9376046204,\"predict-652\":150.1960621627,\"predict-575\":62.7179781997,\"predict-89\":283.4257524881,\"predict-23\":169.0538279216,\"predict-19\":230.1560834199,\"predict-2\":324.3686483386,\"predict-273\":302.4006025828,\"predict-495\":149.3937743178,\"predict-585\":119.5096400799}", "{\"predict-420\":195.5442008454,\"predict-652\":136.4645229573,\"predict-575\":60.2356654475,\"predict-89\":272.2797735787,\"predict-23\":184.3465306952,\"predict-19\":213.7376566621,\"predict-2\":312.5358143046,\"predict-273\":295.9762684234,\"predict-495\":134.2144752137,\"predict-585\":122.7411089274}", "{\"predict-420\":149.4318582335,\"predict-652\":128.6690242249,\"predict-575\":32.0258641611,\"predict-89\":262.945770522,\"predict-23\":212.8912886247,\"predict-19\":211.5061641263,\"predict-2\":410.0606295154,\"predict-273\":276.1596893336,\"predict-495\":129.76750408,\"predict-585\":83.3213856063}", "{\"predict-420\":171.4228827737,\"predict-652\":140.5018329309,\"predict-575\":59.6400002724,\"predict-89\":212.4501918133,\"predict-23\":171.0181172669,\"predict-19\":245.8046211272,\"predict-2\":357.4992461085,\"predict-273\":236.6501580494,\"predict-495\":94.2777732347,\"predict-585\":124.2688388745}", "{\"predict-420\":180.2729509391,\"predict-652\":175.5427186408,\"predict-575\":36.4508905491,\"predict-89\":240.7765055747,\"predict-23\":163.9477713789,\"predict-19\":228.7008977363,\"predict-2\":319.4156412743,\"predict-273\":290.0073425689,\"predict-495\":160.3121754626,\"predict-585\":137.8488211047}", "{\"predict-420\":171.3866070434,\"predict-652\":164.2617252964,\"predict-575\":36.9069266132,\"predict-89\":269.8247504,\"predict-23\":203.3698047667,\"predict-19\":247.2497818752,\"predict-2\":323.9191840318,\"predict-273\":258.48561677,\"predict-495\":125.7359159704,\"predict-585\":140.4061374759}", "{\"predict-420\":163.0742985538,\"predict-652\":156.7790530483,\"predict-575\":54.7685323282,\"predict-89\":235.2705396856,\"predict-23\":189.5036945952,\"predict-19\":202.7988180346,\"predict-2\":314.692222574,\"predict-273\":285.9060336495,\"predict-495\":130.6512683727,\"predict-585\":119.6882431689}", "{\"predict-420\":190.9646362625,\"predict-652\":147.728497547,\"predict-575\":53.8184171672,\"predict-89\":274.4042640809,\"predict-23\":197.1222971249,\"predict-19\":238.3929701979,\"predict-2\":373.4123264317,\"predict-273\":246.7191819825,\"predict-495\":113.0512359462,\"predict-585\":112.6123280784}", "{\"predict-420\":172.197818224,\"predict-652\":142.041077314,\"predict-575\":63.5970842054,\"predict-89\":246.8732501432,\"predict-23\":141.6234956476,\"predict-19\":256.6816784487,\"predict-2\":342.0719099442,\"predict-273\":291.4789209822,\"predict-495\":133.1542448764,\"predict-585\":132.5692882451}", "{\"predict-420\":157.1067031196,\"predict-652\":136.4250559711,\"predict-575\":40.5358546745,\"predict-89\":250.546639997,\"predict-23\":174.801848958,\"predict-19\":227.784566816,\"predict-2\":315.4380145407,\"predict-273\":262.5569912997,\"predict-495\":92.2904518621,\"predict-585\":129.3098732426}", "{\"predict-420\":157.233868635,\"predict-652\":139.2929021134,\"predict-575\":27.4330127074,\"predict-89\":287.8745527167,\"predict-23\":186.0775307345,\"predict-19\":213.6739610324,\"predict-2\":364.6600045208,\"predict-273\":308.1519984422,\"predict-495\":126.1322344564,\"predict-585\":129.1775343178}"],