{"yhat_predict": "{\"predict-420\":117.3911514282,\"predict-652\":95.154335022,\"predict-575\":46.4703369141,\"predict-89\":289.3690490723,\"predict-23\":135.3520507812,\"predict-19\":139.7913208008,\"predict-2\":157.8259735107,\"predict-273\":227.3121490479,\"predict-495\":109.0189819336,\"predict-585\":73.7197418213}", "cv_yhat_predict": ["{\"predict-420\":102.5241928101,\"predict-652\":107.1511001587,\"predict-575\":57.5282402039,\"predict-89\":300.1444702148,\"predict-23\":124.6631088257,\"predict-19\":151.7891235352,\"predict-2\":181.2882080078,\"predict-273\":165.2985534668,\"predict-495\":87.3151168823,\"predict-585\":85.7115859985}", "{\"predict-420\":145.7808532715,\"predict-652\":96.6305847168,\"predict-575\":90.1547698975,\"predict-89\":265.7584533691,\"predict-23\":162.2859954834,\"predict-19\":198.7395629883,\"predict-2\":251.3652954102,\"predict-273\":219.3934020996,\"predict-495\":127.7444152832,\"predict-585\":106.0632476807}", "{\"predict-420\":136.4319610596,\"predict-652\":141.1154937744,\"predict-575\":127.8453598022,\"predict-89\":289.8117370605,\"predict-23\":196.7850799561,\"predict-19\":175.3453369141,\"predict-2\":222.8251190186,\"predict-273\":214.5528717041,\"predict-495\":150.2727966309,\"predict-585\":128.7614898682}", "{\"predict-420\":135.0972595215,\"predict-652\":108.5856246948,\"predict-575\":83.5863342285,\"predict-89\":229.2321472168,\"predict-23\":158.9640808105,\"predict-19\":198.193145752,\"predict-2\":223.8824768066,\"predict-273\":251.2414093018,\"predict-495\":129.8576507568,\"predict-585\":83.1901779175}", "{\"predict-420\":160.1805267334,\"predict-652\":130.756362915,\"predict-575\":98.9751281738,\"predict-89\":223.4282836914,\"predict-23\":131.9372711182,\"predict-19\":211.3404846191,\"predict-2\":231.0958557129,\"predict-273\":212.7283477783,\"predict-495\":101.3270645142,\"predict-585\":115.697883606}", "{\"predict-420\":132.6737365723,\"predict-652\":137.4060974121,\"predict-575\":110.5731430054,\"predict-89\":257.2852783203,\"predict-23\":158.9825897217,\"predict-19\":151.2248382568,\"predict-2\":205.7373352051,\"predict-273\":257.0559082031,\"predict-495\":137.374130249,\"predict-585\":127.1539306641}", "{\"predict-420\":124.0792236328,\"predict-652\":68.3179626465,\"predict-575\":44.1715240479,\"predict-89\":382.6684570312,\"predict-23\":125.5510101318,\"predict-19\":169.9945220947,\"predict-2\":213.2120513916,\"predict-273\":203.7078552246,\"predict-495\":91.135848999,\"predict-585\":77.3021011353}", "{\"predict-420\":124.1688537598,\"predict-652\":82.4278869629,\"predict-575\":40.5237350464,\"predict-89\":284.0695495605,\"predict-23\":138.5711517334,\"predict-19\":165.3490447998,\"predict-2\":179.4725036621,\"predict-273\":166.1052398682,\"predict-495\":70.9865112305,\"predict-585\":72.1798858643}", "{\"predict-420\":134.2758483887,\"predict-652\":95.5519104004,\"predict-575\":73.7449798584,\"predict-89\":243.1064147949,\"predict-23\":134.3884277344,\"predict-19\":161.4829864502,\"predict-2\":203.0998840332,\"predict-273\":199.8874969482,\"predict-495\":120.0621643066,\"predict-585\":92.982208252}", "{\"predict-420\":114.3570098877,\"predict-652\":85.5286941528,\"predict-575\":51.7552185059,\"predict-89\":288.4429016113,\"predict-23\":135.75730896,\"predict-19\":171.3141021729,\"predict-2\":186.6769714355,\"predict-273\":173.6517028809,\"predict-495\":84.3978652954,\"predict-585\":85.9129486084}"], "X_predict": "{\"YEAR\":{\"predict-420\":\"C\",\"predict-652\":\"D\",\"predict-575\":\"D\",\"predict-89\":\"A\",\"predict-23\":\"A\",\"predict-19\":\"A\",\"predict-2\":\"A\",\"predict-273\":\"B\",\"predict-495\":\"C\",\"predict-585\":\"D\"},\"SEASON\":{\"predict-420\":\"W\",\"predict-652\":\"W\",\"predict-575\":\"W\",\"predict-89\":\"W\",\"predict-23\":\"D\",\"predict-19\":\"D\",\"predict-2\":\"D\",\"predict-273\":\"W\",\"predict-495\":\"W\",\"predict-585\":\"W\"},\"SUBAREA\":{\"predict-420\":\"E\",\"predict-652\":\"E\",\"predict-575\":\"D\",\"predict-89\":\"D\",\"predict-23\":\"D\",\"predict-19\":\"E\",\"predict-2\":\"E\",\"predict-273\":\"E\",\"predict-495\":\"A\",\"predict-585\":\"E\"},\"HABCODE\":{\"predict-420\":\"Sawgrass Marsh\",\"predict-652\":\"Wet Prairie\",\"predict-575\":\"Wet Prairie\",\"predict-89\":\"Sawgrass Marsh\",\"predict-23\":\"Wet Prairie\",\"predict-19\":\"Sawgrass Marsh\",\"predict-2\":\"Sawgrass Marsh\",\"predict-273\":\"Sawgrass Marsh\",\"predict-495\":\"Wet Prairie\",\"predict-585\":\"Sawgrass Marsh\"},\"Floc_Depth_ft\":{\"predict-420\":null,\"predict-652\":0.033333,\"predict-575\":0.0,\"predict-89\":null,\"predict-23\":null,\"predict-19\":null,\"predict-2\":null,\"predict-273\":null,\"predict-495\":null,\"predict-585\":0.066667},\"AFDW_Floc\":{\"predict-420\":65.625,\"predict-652\":58.037495,\"predict-575\":89.555684,\"predict-89\":null,\"predict-23\":null,\"predict-19\":null,\"predict-2\":null,\"predict-273\":null,\"predict-495\":90.873016,\"predict-585\":55.735838},\"MEHG_Floc\":{\"predict-420\":0.81,\"predict-652\":2.999046,\"predict-575\":0.526871,\"predict-89\":null,\"predict-23\":null,\"predict-19\":null,\"predict-2\":null,\"predict-273\":null,\"predict-495\":null,\"predict-585\":0.239037},\"THG_floc\":{\"predict-420\":93.25,\"predict-652\":100.0,\"predict-575\":85.367043,\"predict-89\":null,\"predict-23\":null,\"predict-19\":null,\"predict-2\":null,\"predict-273\":null,\"predict-495\":108.82,\"predict-585\":100.0},\"Tot_Phos_floc\":{\"predict-420\":216.029235,\"predict-652\":390.0,\"predict-575\":780.0,\"predict-89\":null,\"predict-23\":null,\"predict-19\":null,\"predict-2\":null,\"predict-273\":null,\"predict-495\":35.711447,\"predict-585\":370.0},\"Bulk_Dens_Floc\":{\"predict-420\":0.03175,\"predict-652\":0.025216,\"predict-575\":0.010402,\"predict-89\":null,\"predict-23\":null,\"predict-19\":null,\"predict-2\":null,\"predict-273\":null,\"predict-495\":0.017417,\"predict-585\":0.029237},\"Soil_Thickness_FT\":{\"predict-420\":1.2,\"predict-652\":1.6,\"predict-575\":4.866667,\"predict-89\":5.6,\"predict-23\":3.2,\"predict-19\":1.5,\"predict-2\":3.7,\"predict-273\":1.6,\"predict-495\":3.1,\"predict-585\":0.55},\"AFDW_Soil\":{\"predict-420\":75.6,\"predict-652\":69.966317,\"predict-575\":84.660823,\"predict-89\":88.78,\"predict-23\":85.07,\"predict-19\":79.93,\"predict-2\":87.59,\"predict-273\":77.7,\"predict-495\":96.414343,\"predict-585\":25.013979},\"Bulk_Dens_Soil\":{\"predict-420\":null,\"predict-652\":0.134899,\"predict-575\":0.17191,\"predict-89\":0.14,\"predict-23\":0.13,\"predict-19\":0.12,\"predict-2\":0.1,\"predict-273\":0.14,\"predict-495\":null,\"predict-585\":0.24599},\"PH_soil\":{\"predict-420\":null,\"predict-652\":7.07,\"predict-575\":6.61,\"predict-89\":null,\"predict-23\":null,\"predict-19\":null,\"predict-2\":null,\"predict-273\":null,\"predict-495\":null,\"predict-585\":6.99},\"SO4_soil\":{\"predict-420\":380.0,\"predict-652\":null,\"predict-575\":null,\"predict-89\":300.0,\"predict-23\":300.0,\"predict-19\":350.0,\"predict-2\":380.0,\"predict-273\":39.0,\"predict-495\":4100.0,\"predict-585\":null},\"MEHG_soil\":{\"predict-420\":0.2,\"predict-652\":0.508045,\"predict-575\":0.315758,\"predict-89\":0.43,\"predict-23\":0.15,\"predict-19\":0.71,\"predict-2\":4.69,\"predict-273\":3.93,\"predict-495\":0.33,\"predict-585\":0.156371},\"THG_soil\":{\"predict-420\":130.0,\"predict-652\":140.0,\"predict-575\":170.0,\"predict-89\":190.0,\"predict-23\":100.0,\"predict-19\":160.0,\"predict-2\":190.0,\"predict-273\":240.0,\"predict-495\":140.0,\"predict-585\":63.691313},\"Tot_Carbon_Soil_%\":{\"predict-420\":null,\"predict-652\":40.0,\"predict-575\":47.0,\"predict-89\":null,\"predict-23\":null,\"predict-19\":null,\"predict-2\":null,\"predict-273\":null,\"predict-495\":null,\"predict-585\":20.0},\"Tot_Nitrogen_Soil_%\":{\"predict-420\":0.737897,\"predict-652\":0.36,\"predict-575\":0.216,\"predict-89\":null,\"predict-23\":null,\"predict-19\":null,\"predict-2\":null,\"predict-273\":1.76,\"predict-495\":1.282598,\"predict-585\":0.952},