{"yhat_predict": "{\"predict-173\":3.9440441384,\"predict-114\":4.1678178362,\"predict-226\":3.1808914005,\"predict-199\":1.8472971547,\"predict-363\":2.8837591041,\"predict-124\":3.7148074479,\"predict-321\":2.7091368313,\"predict-345\":4.1052328795,\"predict-223\":3.0781755657,\"predict-128\":3.1328461743}", "cv_yhat_predict": ["{\"predict-173\":3.8632422486,\"predict-114\":4.214749642,\"predict-226\":3.1901322674,\"predict-199\":1.770906117,\"predict-363\":2.944549793,\"predict-124\":3.6333732253,\"predict-321\":2.7373650942,\"predict-345\":4.0516217519,\"predict-223\":2.9787501028,\"predict-128\":3.1521551222}", "{\"predict-173\":3.9707052095,\"predict-114\":4.2605227548,\"predict-226\":3.1964122013,\"predict-199\":1.8515202708,\"predict-363\":2.9872620875,\"predict-124\":3.6602585746,\"predict-321\":2.8220649022,\"predict-345\":4.085110912,\"predict-223\":3.0045607811,\"predict-128\":3.274575535}", "{\"predict-173\":4.0611326639,\"predict-114\":4.1561597411,\"predict-226\":3.0278894272,\"predict-199\":1.8801733399,\"predict-363\":3.0040462521,\"predict-124\":3.7001379543,\"predict-321\":2.6906755008,\"predict-345\":4.1471892446,\"predict-223\":3.0551179313,\"predict-128\":3.1832320545}", "{\"predict-173\":3.9846314112,\"predict-114\":4.1045179249,\"predict-226\":3.2086445996,\"predict-199\":1.8701232471,\"predict-363\":2.8913858978,\"predict-124\":3.7014644201,\"predict-321\":2.748444006,\"predict-345\":4.0857492799,\"predict-223\":3.0169821924,\"predict-128\":3.280458071}", "{\"predict-173\":3.9685548793,\"predict-114\":4.2973245874,\"predict-226\":3.2026375426,\"predict-199\":1.9414857188,\"predict-363\":2.885108718,\"predict-124\":3.8144345739,\"predict-321\":2.6997972362,\"predict-345\":4.0542315006,\"predict-223\":3.1572884705,\"predict-128\":3.1445163712}", "{\"predict-173\":4.0873709472,\"predict-114\":4.1942599879,\"predict-226\":3.1207309965,\"predict-199\":1.8392462372,\"predict-363\":2.9509646359,\"predict-124\":3.76570588,\"predict-321\":2.752515202,\"predict-345\":4.0506545345,\"predict-223\":3.2594837103,\"predict-128\":3.2800883022}", "{\"predict-173\":4.1356049138,\"predict-114\":4.1418506791,\"predict-226\":3.1744116723,\"predict-199\":1.8230297527,\"predict-363\":2.9197026101,\"predict-124\":3.7005573978,\"predict-321\":2.6601401323,\"predict-345\":4.1253005694,\"predict-223\":2.9814528633,\"predict-128\":3.1786082879}", "{\"predict-173\":4.0320544394,\"predict-114\":4.1964877097,\"predict-226\":3.2258467491,\"predict-199\":1.8368300147,\"predict-363\":2.9488095655,\"predict-124\":3.8082277038,\"predict-321\":2.680074005,\"predict-345\":4.0889380982,\"predict-223\":3.0113460057,\"predict-128\":3.1388169625}", "{\"predict-173\":3.994769076,\"predict-114\":4.2140273807,\"predict-226\":3.2246579296,\"predict-199\":1.8185751981,\"predict-363\":2.9163989546,\"predict-124\":3.6734870971,\"predict-321\":2.691142925,\"predict-345\":4.0480687106,\"predict-223\":3.0182368589,\"predict-128\":3.1632239301}", "{\"predict-173\":3.9061066919,\"predict-114\":4.1705266066,\"predict-226\":3.1576437413,\"predict-199\":1.8586645052,\"predict-363\":2.8453095935,\"predict-124\":3.6215766966,\"predict-321\":2.7456657887,\"predict-345\":4.1169085366,\"predict-223\":3.1151801112,\"predict-128\":3.1793885307}", "{\"predict-173\":4.1073972944,\"predict-114\":4.2811658844,\"predict-226\":3.0618505772,\"predict-199\":1.8440018857,\"predict-363\":2.8738999325,\"predict-124\":3.72958968,\"predict-321\":2.7388124278,\"predict-345\":4.0371682637,\"predict-223\":3.0883077732,\"predict-128\":3.0751093689}", "{\"predict-173\":4.0513918625,\"predict-114\":4.1772353135,\"predict-226\":3.0783436196,\"predict-199\":1.9086355409,\"predict-363\":2.9204800431,\"predict-124\":3.6807603484,\"predict-321\":2.8107888558,\"predict-345\":4.0356693025,\"predict-223\":2.962343959,\"predict-128\":3.3212860345}", "{\"predict-173\":4.203128547,\"predict-114\":4.2172323473,\"predict-226\":3.1080491174,\"predict-199\":1.9175033931,\"predict-363\":2.9001018779,\"predict-124\":3.7425533763,\"predict-321\":2.7193784871,\"predict-345\":4.1468281757,\"predict-223\":3.083769752,\"predict-128\":3.3733958986}", "{\"predict-173\":3.9095781602,\"predict-114\":4.2031766495,\"predict-226\":3.2963696707,\"predict-199\":1.8553088112,\"predict-363\":2.9555307648,\"predict-124\":3.7090318741,\"predict-321\":2.8655741898,\"predict-345\":4.0576986492,\"predict-223\":3.0708732249,\"predict-128\":3.2868699805}", "{\"predict-173\":3.9221102818,\"predict-114\":4.1594458147,\"predict-226\":3.0268101692,\"predict-199\":1.8570527067,\"predict-363\":2.8338204861,\"predict-124\":3.6416533853,\"predict-321\":2.740236494,\"predict-345\":4.1047794951,\"predict-223\":3.0823409548,\"predict-128\":3.1783708761}", "{\"predict-173\":4.1849849939,\"predict-114\":4.2360259173,\"predict-226\":3.0628244081,\"predict-199\":1.8690480394,\"predict-363\":3.0205210005,\"predict-124\":3.6370884959,\"predict-321\":2.7788962929,\"predict-345\":4.0239612414,\"predict-223\":2.9751237822,\"predict-128\":3.1424073712}", "{\"predict-173\":3.772187352,\"predict-114\":4.1040131081,\"predict-226\":3.2373033624,\"predict-199\":1.8046696562,\"predict-363\":2.9540162445,\"predict-124\":3.7045813724,\"predict-321\":2.7026136738,\"predict-345\":4.091922714,\"predict-223\":2.9830705087,\"predict-128\":3.2455294565}", "{\"predict-173\":4.0595018669,\"predict-114\":4.2409034123,\"predict-226\":3.2268685812,\"predict-199\":1.8647442317,\"predict-363\":2.9038846109,\"predict-124\":3.6505028099,\"predict-321\":2.7096706661,\"predict-345\":4.1424827172,\"predict-223\":3.2628959229,\"predict-128\":3.273209956}", "{\"predict-173\":4.0120496288,\"predict-114\":4.2161032322,\"predict-226\":3.3093845126,\"predict-199\":1.8197219093,\"predict-363\":2.7784940809,\"predict-124\":3.7258342542,\"predict-321\":2.746569438,\"predict-345\":4.0433796787,\"predict-223\":2.9248623684,\"predict-128\":3.190263589}", "{\"predict-173\":3.9451515234,\"predict-114\":4.2603119768,\"predict-226\":3.2299987433,\"predict-199\":1.9439252239,\"predict-363\":2.9278183042,\"predict-124\":3.7582557146,\"predict-321\":2.7177239151,\"predict-345\":4.0208857219,\"predict-223\":2.9942514715,\"predict-128\":3.153321907}", "{\"predict-173\":3.8095802129,\"predict-114\":4.1896679886,\"predict-226\":3.05946064,\"predict-199\":1.8205277344,\"predict-363\":2.9834633848,\"predict-124\":3.6917843033,\"predict-321\":2.7164545644,\"predict-345\":4.0931252282,\"predict-223\":2.9499261484,\"predict-128\":3.1743874934}", "{\"predict-173\":3.9521005024,\"predict-114\":4.231488729,\"predict-226\":3.3037838884,\"predict-199\":1.7901068278,\"predict-363\":2.9798135046,\"predict-124\":3.7242483166,\"predict-321\":2.7435228549,\"predict-345\":4.0344185968,\"predict-223\":2.9253269087,\"predict-128\":3.1320171526}", "{\"predict-173\":3.9533352163,\"predict-114\":4.2171501173,\"predict-226\":3.2605430845,\"predict-199\":1.8267248476,\"predict-363\":2.8841695528,\"predict-124\":3.6671809689,\"predict-321\":2.6690321405,\"predict-345\":4.0865228982,\"predict-223\":3.0935995492,\"predict-128\":3.1885308627}", "{\"predict-173\":4.0500488459,\"predict-114\":4.2192694867,\"predict-226\":3.2674644409,\"predict-199\":1.987050023,\"predict-363\":2.8883118301,\"predict-124\":3.900061867,\"predict-321\":2.7487835841,\"predict-345\":4.0900540259,\"predict-223\":3.0683271035,\"predict-128\":3.4053481678}", "{\"predict-173\":3.9250269428,\"predict-114\":4.1898123815,\"predict-226\":3.0805300949,\"predict-199\":1.8708216668,\"predict-363\":2.8702015799,\"predict-124\":3.7905890805,\"predict-321\":2.7249763836,\"predict-345\":4.0973916255,\"predict-223\":3.1924397592,\"predict-128\":3.1330703657}", "{\"predict-173\":3.8509121007,\"predict-114\":4.1878071438,\"predict-226\":3.1255662144,\"predict-199\":1.9817714204,\"predict-363\":2.840884009,\"predict-124\":3.8787816505,\"predict-321\":2.7363693657,\"predict-345\":4.1322157469,\"predict-223\":3.1635709432,\"predict-128\":3.3511433369}", 