{"yhat": "{\"yhat\":{\"predict-420\":191.8650485681,\"predict-652\":145.5466500196,\"predict-575\":39.7652677177}}", "cv_yhat": ["{\"yhat\":{\"predict-420\":177.5938025794,\"predict-652\":140.7941072696,\"predict-575\":53.0721752522}}", "{\"yhat\":{\"predict-420\":165.1113614949,\"predict-652\":141.5405567886,\"predict-575\":53.6001082397}}", "{\"yhat\":{\"predict-420\":173.8884975056,\"predict-652\":146.4221252871,\"predict-575\":74.1642859696}}", "{\"yhat\":{\"predict-420\":174.6152057567,\"predict-652\":143.8388842008,\"predict-575\":65.4222354024}}", "{\"yhat\":{\"predict-420\":175.8088554054,\"predict-652\":150.3171549512,\"predict-575\":63.1124875485}}", "{\"yhat\":{\"predict-420\":177.8240564137,\"predict-652\":150.8396907694,\"predict-575\":58.9715036163}}", "{\"yhat\":{\"predict-420\":193.0127690733,\"predict-652\":147.437287022,\"predict-575\":50.7738660858}}", "{\"yhat\":{\"predict-420\":188.0315983061,\"predict-652\":125.5198207937,\"predict-575\":42.347011718}}", "{\"yhat\":{\"predict-420\":182.0674882722,\"predict-652\":134.6114739662,\"predict-575\":71.5288510628}}", "{\"yhat\":{\"predict-420\":172.1723864619,\"predict-652\":142.5818181675,\"predict-575\":43.8523611592}}", "{\"yhat\":{\"predict-420\":186.7546822891,\"predict-652\":145.3932157072,\"predict-575\":27.3239029011}}", "{\"yhat\":{\"predict-420\":162.2857937621,\"predict-652\":140.079275922,\"predict-575\":80.3291525614}}", "{\"yhat\":{\"predict-420\":163.4104570098,\"predict-652\":140.9374286765,\"predict-575\":79.6874637069}}", "{\"yhat\":{\"predict-420\":191.5989579286,\"predict-652\":142.5288033708,\"predict-575\":54.2060401633}}", "{\"yhat\":{\"predict-420\":164.3346922485,\"predict-652\":140.4667037097,\"predict-575\":79.917285857}}", "{\"yhat\":{\"predict-420\":179.9867210947,\"predict-652\":149.8295071384,\"predict-575\":37.5638692352}}", "{\"yhat\":{\"predict-420\":186.4412655691,\"predict-652\":151.5077523906,\"predict-575\":69.4645807836}}", "{\"yhat\":{\"predict-420\":179.1620877969,\"predict-652\":149.0978241415,\"predict-575\":31.7001289548}}", "{\"yhat\":{\"predict-420\":183.818520954,\"predict-652\":137.2559192785,\"predict-575\":55.3963856815}}", "{\"yhat\":{\"predict-420\":182.1189605193,\"predict-652\":122.8411571057,\"predict-575\":53.0193746573}}", "{\"yhat\":{\"predict-420\":186.6664362394,\"predict-652\":135.7237980963,\"predict-575\":39.34783159}}", "{\"yhat\":{\"predict-420\":183.6904658111,\"predict-652\":135.9194628482,\"predict-575\":46.4056875513}}", "{\"yhat\":{\"predict-420\":163.3036478602,\"predict-652\":146.317890217,\"predict-575\":60.1594444486}}", "{\"yhat\":{\"predict-420\":154.1307088865,\"predict-652\":154.4338624846,\"predict-575\":49.280729048}}", "{\"yhat\":{\"predict-420\":201.0904918628,\"predict-652\":127.0758398311,\"predict-575\":59.6138540865}}", "{\"yhat\":{\"predict-420\":169.8234985509,\"predict-652\":146.5791255404,\"predict-575\":61.9753182147}}", "{\"yhat\":{\"predict-420\":160.5097788413,\"predict-652\":140.3426021557,\"predict-575\":51.3131927819}}", "{\"yhat\":{\"predict-420\":187.4395343499,\"predict-652\":135.1463011725,\"predict-575\":48.3874613607}}", "{\"yhat\":{\"predict-420\":178.0666443562,\"predict-652\":115.9328242753,\"predict-575\":52.678198245}}", "{\"yhat\":{\"predict-420\":181.4005157445,\"predict-652\":119.7497600814,\"predict-575\":32.5725354578}}", "{\"yhat\":{\"predict-420\":173.6405515811,\"predict-652\":144.0799719345,\"predict-575\":55.2650202775}}", "{\"yhat\":{\"predict-420\":176.9785365954,\"predict-652\":126.0366301982,\"predict-575\":50.3743580985}}", "{\"yhat\":{\"predict-420\":178.1399451301,\"predict-652\":138.6841661485,\"predict-575\":47.4181987036}}", "{\"yhat\":{\"predict-420\":189.5127976319,\"predict-652\":142.6660888598,\"predict-575\":54.4192501314}}", "{\"yhat\":{\"predict-420\":204.0825804051,\"predict-652\":137.7286715274,\"predict-575\":44.0286984334}}", "{\"yhat\":{\"predict-420\":184.668244648,\"predict-652\":136.3777138893,\"predict-575\":57.8547257472}}", "{\"yhat\":{\"predict-420\":182.5033547794,\"predict-652\":157.2271592756,\"predict-575\":45.1961776168}}", "{\"yhat\":{\"predict-420\":166.5854054505,\"predict-652\":130.8847724817,\"predict-575\":57.0501018592}}", "{\"yhat\":{\"predict-420\":152.9461407926,\"predict-652\":137.6026168489,\"predict-575\":43.5439592152}}", "{\"yhat\":{\"predict-420\":180.5816968193,\"predict-652\":138.3957910136,\"predict-575\":50.9334591108}}", "{\"yhat\":{\"predict-420\":174.0467992209,\"predict-652\":142.5912257091,\"predict-575\":54.5584815622}}", "{\"yhat\":{\"predict-420\":192.0582293033,\"predict-652\":129.2766515902,\"predict-575\":50.4971052167}}", "{\"yhat\":{\"predict-420\":179.1897224624,\"predict-652\":171.5959178936,\"predict-575\":43.0217573348}}", "{\"yhat\":{\"predict-420\":141.7341663933,\"predict-652\":108.2061341991,\"predict-575\":60.9335833646}}", "{\"yhat\":{\"predict-420\":176.2298896032,\"predict-652\":150.6681291787,\"predict-575\":59.5516494308}}", "{\"yhat\":{\"predict-420\":179.4685382384,\"predict-652\":127.8779873,\"predict-575\":73.738379022}}", "{\"yhat\":{\"predict-420\":185.7926176346,\"predict-652\":151.8206103925,\"predict-575\":62.4536876717}}", "{\"yhat\":{\"predict-420\":187.5644167068,\"predict-652\":138.9083708028,\"predict-575\":36.7035260541}}", "{\"yhat\":{\"predict-420\":188.812667374,\"predict-652\":131.2852081831,\"predict-575\":39.7978239179}}", "{\"yhat\":{\"predict-420\":169.9126081413,\"predict-652\":136.7569558178,\"predict-575\":58.9650873903}}"],