{"yhat_predict": "{\"predict-173\":3.9338146292,\"predict-114\":4.1334012888,\"predict-226\":3.1752710121,\"predict-199\":1.8454388041,\"predict-363\":2.9034415456,\"predict-124\":3.7046208614,\"predict-321\":2.7210680319,\"predict-345\":4.0836863558,\"predict-223\":3.0772676818,\"predict-128\":3.1212971288}", "cv_yhat_predict": ["{\"predict-173\":3.8818880979,\"predict-114\":4.1851323688,\"predict-226\":3.1689008557,\"predict-199\":1.7655763442,\"predict-363\":2.9735183075,\"predict-124\":3.6245843421,\"predict-321\":2.7647649523,\"predict-345\":4.0631212521,\"predict-223\":2.9666329233,\"predict-128\":3.1580252891}", "{\"predict-173\":3.9619290297,\"predict-114\":4.2528346028,\"predict-226\":3.2014810295,\"predict-199\":1.8478029705,\"predict-363\":2.9891164826,\"predict-124\":3.648101915,\"predict-321\":2.8237110111,\"predict-345\":4.0825860125,\"predict-223\":3.0058285278,\"predict-128\":3.2696470944}", "{\"predict-173\":4.1453130686,\"predict-114\":4.1779925281,\"predict-226\":3.0175684086,\"predict-199\":1.9361832633,\"predict-363\":2.9693166381,\"predict-124\":3.7206659058,\"predict-321\":2.7045902973,\"predict-345\":4.1592606183,\"predict-223\":3.0752150059,\"predict-128\":3.1706688732}", "{\"predict-173\":3.9558143723,\"predict-114\":4.092945901,\"predict-226\":3.2092950156,\"predict-199\":1.8619442168,\"predict-363\":2.898996997,\"predict-124\":3.7028146882,\"predict-321\":2.7449073635,\"predict-345\":4.0884412135,\"predict-223\":3.014221996,\"predict-128\":3.28709593}", "{\"predict-173\":3.9917339787,\"predict-114\":4.292283414,\"predict-226\":3.1977521493,\"predict-199\":1.9384070404,\"predict-363\":2.8796667091,\"predict-124\":3.8065682624,\"predict-321\":2.7053339913,\"predict-345\":4.0564245667,\"predict-223\":3.1523714901,\"predict-128\":3.1386682699}", "{\"predict-173\":4.0863362974,\"predict-114\":4.1895747187,\"predict-226\":3.1189460601,\"predict-199\":1.8343681368,\"predict-363\":2.9501895152,\"predict-124\":3.7606359989,\"predict-321\":2.7548944946,\"predict-345\":4.0492949172,\"predict-223\":3.2587371829,\"predict-128\":3.2760932086}", "{\"predict-173\":4.1003775864,\"predict-114\":4.1124758822,\"predict-226\":3.1885973427,\"predict-199\":1.8223086054,\"predict-363\":2.9255585163,\"predict-124\":3.6689753159,\"predict-321\":2.6647381218,\"predict-345\":4.1131979926,\"predict-223\":2.9860928759,\"predict-128\":3.1688225893}", "{\"predict-173\":4.0537388751,\"predict-114\":4.1774154182,\"predict-226\":3.2178784539,\"predict-199\":1.8340399064,\"predict-363\":2.9431973525,\"predict-124\":3.7967068741,\"predict-321\":2.6915107808,\"predict-345\":4.0832299407,\"predict-223\":3.006578166,\"predict-128\":3.1230044659}", "{\"predict-173\":4.0168973154,\"predict-114\":4.2054381186,\"predict-226\":3.2225683488,\"predict-199\":1.8232420636,\"predict-363\":2.9250398888,\"predict-124\":3.6704794324,\"predict-321\":2.6988228089,\"predict-345\":4.0384887773,\"predict-223\":3.0189387048,\"predict-128\":3.1560452926}", "{\"predict-173\":3.8791224094,\"predict-114\":4.1473457216,\"predict-226\":3.1577055896,\"predict-199\":1.9483192061,\"predict-363\":2.8215749102,\"predict-124\":3.5848465257,\"predict-321\":2.7824607751,\"predict-345\":4.0701375052,\"predict-223\":3.1357103482,\"predict-128\":3.1458960737}", "{\"predict-173\":4.0996585225,\"predict-114\":4.2476866952,\"predict-226\":3.0543961149,\"predict-199\":1.8262512634,\"predict-363\":2.9028293445,\"predict-124\":3.717171396,\"predict-321\":2.7486068816,\"predict-345\":4.0198530767,\"predict-223\":3.0832150741,\"predict-128\":3.0668306148}", "{\"predict-173\":4.0806638453,\"predict-114\":4.1672577972,\"predict-226\":3.0780714619,\"predict-199\":1.9087696864,\"predict-363\":2.9063298693,\"predict-124\":3.6618462264,\"predict-321\":2.8163678408,\"predict-345\":4.0337240244,\"predict-223\":2.9600668749,\"predict-128\":3.301605623}", "{\"predict-173\":4.1928051566,\"predict-114\":4.2105845504,\"predict-226\":3.1099416178,\"predict-199\":1.9184557126,\"predict-363\":2.9029546491,\"predict-124\":3.7368559617,\"predict-321\":2.7201913039,\"predict-345\":4.142953817,\"predict-223\":3.0835097426,\"predict-128\":3.3744981982}", "{\"predict-173\":3.9168162718,\"predict-114\":4.2013545808,\"predict-226\":3.2843964898,\"predict-199\":1.8628551778,\"predict-363\":2.9497948291,\"predict-124\":3.7041032421,\"predict-321\":2.8680033825,\"predict-345\":4.0648375357,\"predict-223\":3.0722278922,\"predict-128\":3.279975833}", "{\"predict-173\":4.0011823276,\"predict-114\":4.1590055965,\"predict-226\":3.0316918401,\"predict-199\":1.9385040119,\"predict-363\":2.8199827083,\"predict-124\":3.6218151652,\"predict-321\":2.7713081629,\"predict-345\":4.0703301995,\"predict-223\":3.0931827828,\"predict-128\":3.1497701476}", "{\"predict-173\":4.1406055505,\"predict-114\":4.2130003536,\"predict-226\":3.0672719727,\"predict-199\":1.8561119905,\"predict-363\":3.0406809619,\"predict-124\":3.6354208375,\"predict-321\":2.7878338525,\"predict-345\":4.0136974179,\"predict-223\":2.9710885389,\"predict-128\":3.1402619969}", "{\"predict-173\":3.8263107312,\"predict-114\":4.1060339646,\"predict-226\":3.2216926375,\"predict-199\":1.7924317582,\"predict-363\":2.9074002521,\"predict-124\":3.6824023454,\"predict-321\":2.7082261518,\"predict-345\":4.1202073374,\"predict-223\":2.9697984278,\"predict-128\":3.2284963352}", "{\"predict-173\":4.0340479749,\"predict-114\":4.2383788531,\"predict-226\":3.2399737807,\"predict-199\":1.8685017419,\"predict-363\":2.9174599905,\"predict-124\":3.6515556495,\"predict-321\":2.7193065742,\"predict-345\":4.1419906505,\"predict-223\":3.2670471649,\"predict-128\":3.2743270898}", "{\"predict-173\":3.9890748368,\"predict-114\":4.2040459167,\"predict-226\":3.3124373972,\"predict-199\":1.8246685719,\"predict-363\":2.7861429874,\"predict-124\":3.7106111194,\"predict-321\":2.7501350502,\"predict-345\":4.0358801571,\"predict-223\":2.9273325701,\"predict-128\":3.185729304}", "{\"predict-173\":3.9284100419,\"predict-114\":4.2579960869,\"predict-226\":3.2331880596,\"predict-199\":1.9482381343,\"predict-363\":2.9324555374,\"predict-124\":3.7626753702,\"predict-321\":2.7176477833,\"predict-345\":4.0209310913,\"predict-223\":2.9954946287,\"predict-128\":3.156937157}", "{\"predict-173\":3.8258009903,\"predict-114\":4.1887351651,\"predict-226\":3.0601625516,\"predict-199\":1.8194838834,\"predict-363\":2.9771539737,\"predict-124\":3.6849987108,\"predict-321\":2.7187994267,\"predict-345\":4.0942229314,\"predict-223\":2.9493464658,\"predict-128\":3.1682491051}", "{\"predict-173\":3.9697592505,\"predict-114\":4.2184921972,\"predict-226\":3.2956904908,\"predict-199\":1.7878310601,\"predict-363\":2.9836294421,\"predict-124\":3.71400212,\"predict-321\":2.7532526538,\"predict-345\":4.0355391929,\"predict-223\":2.9223518361,\"predict-128\":3.1177995034}", "{\"predict-173\":3.9671202446,\"predict-114\":4.214056003,\"predict-226\":3.2559198095,\"predict-199\":1.822673143,\"predict-363\":2.8866114038,\"predict-124\":3.6626749371,\"predict-321\":2.6697382251,\"predict-345\":4.0866257612,\"predict-223\":3.0963293037,\"predict-128\":3.1814065261}", "{\"predict-173\":4.0518327227,\"predict-114\":4.1831323538,\"predict-226\":3.2584800175,\"predict-199\":1.9824011476,\"predict-363\":2.8944645536,\"predict-124\":3.8817925802,\"predict-321\":2.7525908945,\"predict-345\":4.0477380418,\"predict-223\":3.0623129339,\"predict-128\":3.4063512777}", "{\"predict-173\":3.914557023,\"predict-114\":4.1847673939,\"predict-226\":3.0805409626,\"predict-199\":1.8742820043,\"predict-363\":2.871348118,\"predict-124\":3.7893074175,\"predict-321\":2.7249585498,\"predict-345\":4.0951066524,\"predict-223\":3.1928412343,\"predict-128\":3.1334467511}", "{\"predict-173\":3.8418127175,\"predict-114\":4.1967444217,\"predict-226\":3.1237476371,\"predict-199\":1.9864250878,\"predict-363\":2.8274046989,\"predict-124\":3.8765509261,\"predict-321\":2.7283836005,\"predict-345\":4.1318728841,\"predict-223\":3.1627784792,\"predict-128\":3.3500256537}", 