{"yhat_predict": "{\"predict-420\":179.4530442114,\"predict-652\":146.5675715485,\"predict-575\":45.4949094374,\"predict-89\":246.4558980104,\"predict-23\":197.212369374,\"predict-19\":234.5598447842,\"predict-2\":325.7274475094,\"predict-273\":267.9565374247,\"predict-495\":137.4038677662,\"predict-585\":118.5434835266}", "cv_yhat_predict": ["{\"predict-420\":145.5889732522,\"predict-652\":141.5752700441,\"predict-575\":42.6708256334,\"predict-89\":239.1686526997,\"predict-23\":180.7047888942,\"predict-19\":221.0718203039,\"predict-2\":346.9399631256,\"predict-273\":286.8672438113,\"predict-495\":89.6342241155,\"predict-585\":123.1356268893}", "{\"predict-420\":189.7152822856,\"predict-652\":139.2099583348,\"predict-575\":37.1295405605,\"predict-89\":252.3590470191,\"predict-23\":200.4752903483,\"predict-19\":213.3775814794,\"predict-2\":357.2288887867,\"predict-273\":250.3109572218,\"predict-495\":108.5221426584,\"predict-585\":140.2587525554}", "{\"predict-420\":177.1645834444,\"predict-652\":142.7323128336,\"predict-575\":36.8107423262,\"predict-89\":235.8285793419,\"predict-23\":188.3020688543,\"predict-19\":271.6296827757,\"predict-2\":357.505232442,\"predict-273\":276.0408159802,\"predict-495\":135.9920831409,\"predict-585\":132.5997691661}", "{\"predict-420\":169.6149463869,\"predict-652\":150.1385172047,\"predict-575\":63.6620808786,\"predict-89\":207.8153456416,\"predict-23\":206.8096252976,\"predict-19\":231.7442351177,\"predict-2\":346.1932729505,\"predict-273\":242.8936935774,\"predict-495\":145.2671842054,\"predict-585\":120.1194693293}", "{\"predict-420\":189.0703992487,\"predict-652\":159.3061776385,\"predict-575\":59.6076002974,\"predict-89\":256.9155906332,\"predict-23\":171.0384688129,\"predict-19\":248.75600326,\"predict-2\":353.560327862,\"predict-273\":278.2047740742,\"predict-495\":151.5023384974,\"predict-585\":117.5261096241}", "{\"predict-420\":176.1413361823,\"predict-652\":124.5566141105,\"predict-575\":57.3040865579,\"predict-89\":219.954046183,\"predict-23\":194.6911821478,\"predict-19\":225.1448439807,\"predict-2\":302.9447128249,\"predict-273\":267.0145996421,\"predict-495\":150.8821075272,\"predict-585\":118.5191344559}", "{\"predict-420\":199.2371810964,\"predict-652\":142.2926305909,\"predict-575\":38.4010236751,\"predict-89\":235.4090913131,\"predict-23\":184.6384115032,\"predict-19\":249.2421672215,\"predict-2\":376.0364548323,\"predict-273\":247.7475600595,\"predict-495\":116.8157173677,\"predict-585\":121.3683419405}", "{\"predict-420\":185.6458700773,\"predict-652\":150.9192604831,\"predict-575\":49.6350936015,\"predict-89\":245.7924805534,\"predict-23\":178.4804689318,\"predict-19\":213.7850775213,\"predict-2\":348.5990776016,\"predict-273\":261.1238339438,\"predict-495\":132.8772533736,\"predict-585\":129.7693272589}", "{\"predict-420\":182.2684413095,\"predict-652\":172.5868081572,\"predict-575\":25.8657797546,\"predict-89\":226.9681867115,\"predict-23\":178.6894574794,\"predict-19\":242.9919954644,\"predict-2\":326.2606705821,\"predict-273\":281.0410316042,\"predict-495\":123.444573528,\"predict-585\":133.8279152433}", "{\"predict-420\":153.9119547066,\"predict-652\":135.9946784235,\"predict-575\":32.575367546,\"predict-89\":215.4875472971,\"predict-23\":189.5022946899,\"predict-19\":210.4637612776,\"predict-2\":336.0286332676,\"predict-273\":279.1535127447,\"predict-495\":141.5459363311,\"predict-585\":116.3337712621}", "{\"predict-420\":158.3214225936,\"predict-652\":144.9656495699,\"predict-575\":45.0630872541,\"predict-89\":220.00313279,\"predict-23\":188.2656131879,\"predict-19\":183.654346616,\"predict-2\":330.6658379616,\"predict-273\":245.1765338515,\"predict-495\":132.0921890654,\"predict-585\":119.5299368677}", "{\"predict-420\":200.7590707358,\"predict-652\":151.3836156779,\"predict-575\":35.4918769877,\"predict-89\":236.8081938636,\"predict-23\":212.1478912723,\"predict-19\":232.7809028727,\"predict-2\":340.525399064,\"predict-273\":236.7509780484,\"predict-495\":130.8264193423,\"predict-585\":132.1940588245}", "{\"predict-420\":178.6646712614,\"predict-652\":138.505877234,\"predict-575\":62.6024785406,\"predict-89\":234.6866488186,\"predict-23\":204.2695953801,\"predict-19\":243.4506593174,\"predict-2\":359.2643356906,\"predict-273\":266.3078684471,\"predict-495\":147.4567615147,\"predict-585\":124.5444603751}", "{\"predict-420\":172.394876869,\"predict-652\":119.3357923871,\"predict-575\":44.0632509053,\"predict-89\":225.644653487,\"predict-23\":192.7425624116,\"predict-19\":223.7944521242,\"predict-2\":336.3326518529,\"predict-273\":325.6761176307,\"predict-495\":126.0592192297,\"predict-585\":118.688927476}", "{\"predict-420\":167.2618592081,\"predict-652\":121.9530116479,\"predict-575\":49.2149408356,\"predict-89\":214.1202460626,\"predict-23\":181.4537597716,\"predict-19\":211.9065840904,\"predict-2\":328.8297173404,\"predict-273\":295.009228309,\"predict-495\":129.9193479662,\"predict-585\":137.1406638984}"],