{"yhat_predict": "{\"predict-16\":-557.1914178283,\"predict-36\":-4164.6621536392,\"predict-27\":6374.5149314578,\"predict-8\":16379.2805999851,\"predict-44\":-2751.3809124595}", "cv_yhat_predict": ["{\"predict-16\":2349.5911486419,\"predict-36\":2007.5470721448,\"predict-27\":3369.3929445337,\"predict-8\":3624.3222383653,\"predict-44\":2078.999184294}", "{\"predict-16\":631.4924846812,\"predict-36\":162.7467811511,\"predict-27\":3413.9605924985,\"predict-8\":5667.061661969,\"predict-44\":1241.7494472572}", "{\"predict-16\":1957.1437554174,\"predict-36\":-1826.0052666516,\"predict-27\":739.3207368693,\"predict-8\":9860.8136046525,\"predict-44\":-1422.1730267299}", "{\"predict-16\":1558.9144152459,\"predict-36\":1355.4397759196,\"predict-27\":1819.9792767773,\"predict-8\":2429.0520087956,\"predict-44\":1452.720484894}", "{\"predict-16\":-530.9926372468,\"predict-36\":-1456.0922164303,\"predict-27\":4711.3004906005,\"predict-8\":31190.9702294134,\"predict-44\":-425.3985574093}", "{\"predict-16\":397.396236802,\"predict-36\":259.0682000017,\"predict-27\":6781.0882391099,\"predict-8\":9505.1690757828,\"predict-44\":455.7432703422}", "{\"predict-16\":352.4654349362,\"predict-36\":-2372.9770637902,\"predict-27\":4274.3628669607,\"predict-8\":5657.271382914,\"predict-44\":-1934.9687716983}", "{\"predict-16\":1149.0218964717,\"predict-36\":-212.3117331823,\"predict-27\":5599.7552550119,\"predict-8\":18294.8773340479,\"predict-44\":264.8049535271}", "{\"predict-16\":2062.2972969609,\"predict-36\":1190.2833076279,\"predict-27\":2558.761518093,\"predict-8\":5061.1444680896,\"predict-44\":1973.2595228531}", "{\"predict-16\":5460.5354046781,\"predict-36\":28.3548031548,\"predict-27\":8546.6134689964,\"predict-8\":12496.2691086732,\"predict-44\":187.1771119612}", "{\"predict-16\":6115.4861816644,\"predict-36\":-284.6928618046,\"predict-27\":5916.1063355929,\"predict-8\":7645.8542873791,\"predict-44\":619.1768667179}", "{\"predict-16\":808.321999236,\"predict-36\":-136.3810364725,\"predict-27\":8368.7654339721,\"predict-8\":6164.5021771056,\"predict-44\":341.9732654513}", "{\"predict-16\":204.4264503179,\"predict-36\":-1288.6391216804,\"predict-27\":5484.262547889,\"predict-8\":34324.7366265703,\"predict-44\":-467.8547113749}", "{\"predict-16\":-433.7514555291,\"predict-36\":-3127.7466728677,\"predict-27\":6823.014938056,\"predict-8\":9545.5193306543,\"predict-44\":-1339.6225253756}", "{\"predict-16\":1496.5269509356,\"predict-36\":-2170.7252701685,\"predict-27\":5886.5262346631,\"predict-8\":10340.4555141469,\"predict-44\":-2089.9795724568}", "{\"predict-16\":2937.8075630168,\"predict-36\":6280.4516190736,\"predict-27\":1725.5358045041,\"predict-8\":-10475.9881335641,\"predict-44\":5551.6049705977}", "{\"predict-16\":-1573.7365537983,\"predict-36\":-3257.7038722844,\"predict-27\":8773.6659816894,\"predict-8\":12565.676427618,\"predict-44\":-2019.2059465633}", "{\"predict-16\":2491.3632084927,\"predict-36\":2092.2551859525,\"predict-27\":1009.3563864704,\"predict-8\":1495.1704463334,\"predict-44\":2651.4304580043}", "{\"predict-16\":1376.777923484,\"predict-36\":-0.9306964902,\"predict-27\":2014.6056670565,\"predict-8\":2541.3491276221,\"predict-44\":273.410438318}", "{\"predict-16\":1075.1777688789,\"predict-36\":-1066.4993061871,\"predict-27\":4357.4279624624,\"predict-8\":5997.4994110871,\"predict-44\":-549.8482871409}", "{\"predict-16\":2132.0735734774,\"predict-36\":-237.2506412263,\"predict-27\":4864.6338814647,\"predict-8\":5225.1725966449,\"predict-44\":1161.5897619276}", "{\"predict-16\":255.6269021662,\"predict-36\":-1742.577074066,\"predict-27\":-298.4838492302,\"predict-8\":-814.6862740242,\"predict-44\":242.2006267201}", "{\"predict-16\":2124.0051946993,\"predict-36\":1050.3386207619,\"predict-27\":9260.7938132626,\"predict-8\":9663.9720157849,\"predict-44\":889.0335840555}", "{\"predict-16\":4551.3061157221,\"predict-36\":559.1229639241,\"predict-27\":6764.603533721,\"predict-8\":30239.0886807759,\"predict-44\":1228.0889076407}", "{\"predict-16\":1580.4982224322,\"predict-36\":901.5664427538,\"predict-27\":3627.5773366766,\"predict-8\":7562.5893841536,\"predict-44\":1192.7593450397}", "{\"predict-16\":1941.2524400765,\"predict-36\":1651.4218972143,\"predict-27\":4121.0754424917,\"predict-8\":4491.7583353408,\"predict-44\":1913.9035170593}", "{\"predict-16\":764.2442608769,\"predict-36\":-1344.2802349893,\"predict-27\":8627.0855152658,\"predict-8\":13860.4059206346,\"predict-44\":-822.5463218201}", "{\"predict-16\":3142.2922537221,\"predict-36\":527.90093326,\"predict-27\":4519.9569584901,\"predict-8\":5455.4953815116,\"predict-44\":1171.2613516033}", "{\"predict-16\":-4738.8333692095,\"predict-36\":-5310.5221899221,\"predict-27\":12586.8146115772,\"predict-8\":14895.9892413135,\"predict-44\":-3373.2916447321}", "{\"predict-16\":1707.5823383156,\"predict-36\":-931.7469680461,\"predict-27\":4692.9300573369,\"predict-8\":26498.5396454939,\"predict-44\":-248.118230232}", "{\"predict-16\":5539.8458462598,\"predict-36\":984.2370869886,\"predict-27\":3892.5213491049,\"predict-8\":6511.3635619752,\"predict-44\":1024.622804177}", "{\"predict-16\":1549.0641595078,\"predict-36\":995.5847712601,\"predict-27\":2734.5272544136,\"predict-8\":4249.9402839063,\"predict-44\":1509.0709302024}", "{\"predict-16\":1769.7134045535,\"predict-36\":105.2560614989,\"predict-27\":6248.0877244112,\"predict-8\":33141.0961453752,\"predict-44\":538.1647331117}", "{\"predict-16\":961.68282932,\"predict-36\":-3115.1731280417,\"predict-27\":6022.1833570194,\"predict-8\":9581.4017694575,\"predict-44\":-2396.2171058476}", "{\"predict-16\":-2438.0988023732,\"predict-36\":-599.6939207077,\"predict-27\":11407.436741621,\"predict-8\":11886.2446834829,\"predict-44\":-2226.3242417529}", "{\"predict-16\":2413.6773563585,\"predict-36\":4711.3396771179,\"predict-27\":9397.8862424488,\"predict-8\":9893.4512328083,\"predict-44\":2227.2562682669}", "{\"predict-16\":11154.6016053512,\"predict-36\":-544.7873328807,\"predict-27\":24604.7364564259,\"predict-8\":18127.3331824413,\"predict-44\":-278.1376822703}", "{\"predict-16\":-869.3070805297,\"predict-36\":-2234.7518697956,\"predict-27\":6988.7290768523,\"predict-8\":8405.4819131208,\"predict-44\":-1983.5918495924}", "{\"predict-16\":763.1563747308,\"predict-36\":5807.3246919111,\"predict-27\":5906.4241194227,\"predict-8\":85442.8563005204,\"predict-44\":665.3391205825}", "{\"predict-16\":1409.3698681402,\"predict-36\":113.6904509621,\"predict-27\":2204.0686306772,\"predict-8\":4978.700131762,\"predict-44\":417.89668937}", "{\"predict-16\":182.6998462912,\"predict-36\":20.9649715278,\"predict-27\":3538.8790943936,\"predict-8\":13063.2853030674,\"predict-44\":282.3279920579}", "{\"predict-16\":1705.6505600146,\"predict-36\":3130.7095033213,\"predict-27\":3745.9148338931,\"predict-8\":9320.0062605048,\"predict-44\":-1410.1667023345}", "{\"predict-16\":-853.7081724153,\"predict-36\":-3369.0485794242,\"predict-27\":5202.1182199188,\"predict-8\":12614.4131653213,\"predict-44\":-1888.1741812798}", "{\"predict-16\":1287.9781103534,\"predict-36\":-194.9008143886,\"predict-27\":3785.8712667915,\"predict-8\":5204.2993494117,\"predict-44\":178.8208074445}", "{\"predict-16\":2135.1636155734,\"predict-36\":-974.8734825382,\"predict-27\":4014.9300701034,\"predict-8\":5622.0309385227,\"predict-44\":-403.1244966217}", "{\"predict-16\":1241.9831535668,\"predict-36\":841.9905630248,\"predict-27\":3939.2106934193,\"predict-8\":4282.9155161347,\"predict-44\":1289.3209116682}", "{\"predict-16\":900.3243263145,\"predict-36\":-2122.6011779019,\"predict-27\":13786.8404837197,\"predict-8\":19671.724092394,\"predict-44\":-1511.9048389704}", "{\"predict-16\":292.5064783109,\"predict-36\":-3730.7731922361,\"predict-27\":3945.5518594224,\"predict-8\":2304.2239925029,\"predict-44\":-1379.7816759484}", "{\"predict-16\":1122.4988301369,\"predict-36\":-3251.4141003374,\"predict-27\":5549.2067062139,\"predict-8\":33938.8236874442,\"predict-44\":-2384.1887665452}", 