{"yhat_predict": "{\"predict-420\":197.6309468832,\"predict-652\":144.213069798,\"predict-575\":14.2652397716,\"predict-89\":229.7152013967,\"predict-23\":203.3751913093,\"predict-19\":239.6757212344,\"predict-2\":343.6048625749,\"predict-273\":239.967331091,\"predict-495\":133.1086806256,\"predict-585\":157.1296628094}", "cv_yhat_predict": ["{\"predict-420\":145.3808204603,\"predict-652\":137.2628667457,\"predict-575\":44.3973150111,\"predict-89\":224.4455758844,\"predict-23\":185.8542141323,\"predict-19\":245.1351807265,\"predict-2\":358.7582167671,\"predict-273\":291.7721368934,\"predict-495\":130.1752198933,\"predict-585\":121.455700926}", "{\"predict-420\":184.8495390616,\"predict-652\":141.8722379345,\"predict-575\":48.127440501,\"predict-89\":242.6372886543,\"predict-23\":217.2003396543,\"predict-19\":228.3602649829,\"predict-2\":376.6044045741,\"predict-273\":273.2802740303,\"predict-495\":158.7066727181,\"predict-585\":126.0978926933}", "{\"predict-420\":194.1705847438,\"predict-652\":155.3124832926,\"predict-575\":35.8723953017,\"predict-89\":249.9195124462,\"predict-23\":175.3992635134,\"predict-19\":269.5764487702,\"predict-2\":348.9823911743,\"predict-273\":294.9864177953,\"predict-495\":126.5695167459,\"predict-585\":116.3170294616}", "{\"predict-420\":170.2944754531,\"predict-652\":162.5307954471,\"predict-575\":55.1674777867,\"predict-89\":223.5942174714,\"predict-23\":209.8252979538,\"predict-19\":232.2565906513,\"predict-2\":342.5203354117,\"predict-273\":222.9635376633,\"predict-495\":130.570426278,\"predict-585\":115.4977487317}", "{\"predict-420\":184.9956891469,\"predict-652\":152.4112359651,\"predict-575\":52.1951446597,\"predict-89\":245.1481711548,\"predict-23\":179.3665701001,\"predict-19\":238.0858719153,\"predict-2\":342.8466137192,\"predict-273\":314.6751067266,\"predict-495\":162.7475161908,\"predict-585\":131.3084733834}", "{\"predict-420\":194.3385240496,\"predict-652\":141.7918616703,\"predict-575\":47.86549228,\"predict-89\":236.8305662339,\"predict-23\":201.5325993501,\"predict-19\":231.3282976109,\"predict-2\":319.2675548666,\"predict-273\":277.1304103209,\"predict-495\":132.8636768688,\"predict-585\":110.9651276256}", "{\"predict-420\":166.219327836,\"predict-652\":137.7813509699,\"predict-575\":32.9520418618,\"predict-89\":198.531060612,\"predict-23\":191.2649023781,\"predict-19\":224.3839250311,\"predict-2\":350.7924238814,\"predict-273\":272.6289038341,\"predict-495\":181.9144664921,\"predict-585\":105.0399563129}", "{\"predict-420\":174.6673148223,\"predict-652\":140.3339837023,\"predict-575\":42.1547339511,\"predict-89\":223.4860186535,\"predict-23\":179.1280204026,\"predict-19\":215.027050302,\"predict-2\":347.8231203537,\"predict-273\":254.8368317612,\"predict-495\":152.6267256554,\"predict-585\":139.8289575384}", "{\"predict-420\":175.6596495637,\"predict-652\":183.4723622615,\"predict-575\":28.8745501479,\"predict-89\":232.0447028928,\"predict-23\":200.3492577986,\"predict-19\":255.6751115221,\"predict-2\":356.1877684496,\"predict-273\":303.0395548768,\"predict-495\":139.759667058,\"predict-585\":126.7480655115}", "{\"predict-420\":167.6746314121,\"predict-652\":152.3557828657,\"predict-575\":33.4537962438,\"predict-89\":281.7896899818,\"predict-23\":199.5075057064,\"predict-19\":235.2282485874,\"predict-2\":326.4475979269,\"predict-273\":271.7451220405,\"predict-495\":157.7531779067,\"predict-585\":129.7893237687}", "{\"predict-420\":166.6578671276,\"predict-652\":147.8106324069,\"predict-575\":56.7713592911,\"predict-89\":220.5736391248,\"predict-23\":207.5518732984,\"predict-19\":210.5931944843,\"predict-2\":347.7190804894,\"predict-273\":252.5731263118,\"predict-495\":150.2808351531,\"predict-585\":125.5960886193}", "{\"predict-420\":184.8893813119,\"predict-652\":131.4539059082,\"predict-575\":46.3028500241,\"predict-89\":254.0937368656,\"predict-23\":202.1573534898,\"predict-19\":226.3804022568,\"predict-2\":356.4263758044,\"predict-273\":267.3081316845,\"predict-495\":119.8960272281,\"predict-585\":127.6414334533}", "{\"predict-420\":183.3303779911,\"predict-652\":152.691297809,\"predict-575\":51.7455710448,\"predict-89\":244.5694443967,\"predict-23\":198.4191632828,\"predict-19\":249.2228592331,\"predict-2\":345.1919780689,\"predict-273\":272.1856740688,\"predict-495\":134.4718210896,\"predict-585\":136.1394564306}", "{\"predict-420\":175.2251157051,\"predict-652\":141.8497469771,\"predict-575\":46.9957190893,\"predict-89\":233.8986907705,\"predict-23\":177.4899391749,\"predict-19\":213.6475570636,\"predict-2\":336.6162357271,\"predict-273\":275.9988399408,\"predict-495\":135.7275359059,\"predict-585\":124.8157887593}", "{\"predict-420\":165.116846327,\"predict-652\":148.2258246245,\"predict-575\":46.5045567876,\"predict-89\":225.2360753821,\"predict-23\":196.6636515239,\"predict-19\":205.8583272708,\"predict-2\":351.8896600738,\"predict-273\":286.3885290246,\"predict-495\":116.6286772687,\"predict-585\":135.1761938793}"],